{
  "mode": "minmax",
  "y_min": [
    0.0,
    0.0
  ],
  "y_max": [
    304.3843994140625,
    392.53961181640625
  ]
}