{
  "mode": "minmax",
  "y_min": [
    0.0,
    0.0
  ],
  "y_max": [
    241.6437530517578,
    179.22412109375
  ]
}