{
  "mode": "minmax",
  "y_min": [
    0.0,
    0.0
  ],
  "y_max": [
    239.81748962402344,
    176.441162109375
  ]
}