{
  "mode": "minmax",
  "y_min": [
    0.0,
    0.0
  ],
  "y_max": [
    236.71180725097656,
    219.74676513671875
  ]
}